{
  "project_info": {
    "project_number": "351288833804",
    "project_id": "protocols-fa779",
    "storage_bucket": "protocols-fa779.appspot.com"
  },
  "client": [
    {
      "client_info": {
        "mobilesdk_app_id": "1:351288833804:android:d7eedfe996710fc9e7fb29",
        "android_client_info": {
          "package_name": "com.example.protocols"
        }
      },
      "oauth_client": [],
      "api_key": [
        {
          "current_key": "AIzaSyDUcpksfV4UX-LssrjfkC288hS78S-JI70"
        }
      ],
      "services": {
        "appinvite_service": {
          "other_platform_oauth_client": []
        }
      }
    }
  ],
  "configuration_version": "1"
}